RE365262;tube;tube;tube;tube;
PP114782;dark green;green leav;shape;strong;pink;
PP011457;dark green;green leav;shape;strong;white;
RE366285;heat;heat;heat;heat;
PP114308;small;shape;
RE036519;imag;
PP112100;chrysanthemum;chrysanthemum plant;chrysanthemum;chrysanthemum plant;attract;ray;floret ray;floret;
PP115142;miniatur;miniatur;attract;suitabl;
RE366587;fluid;fluid;fluid;fluid;fluid;locat;fluid;fluid;
PP115819;white;pink;branch habit plant;white;
PP113352;branch habit plant;excel;
PP115029;hybrid;hybrid tea;tea;hybrid;hybrid tea;tea;doubl;white;resist;
PP116343;hybrid;hybrid tea;tea;hybrid;hybrid tea;tea;have plant;strong;strong;
PP116467;compact;branch habit plant;ray;floret ray;floret;
RE365890;imag;imag;imag;code;code;section;
PP113921;white;type;shape;
RE366943;fluid;in;fluid;
PP116580;hybrid;hybrid;
RE366765;
PP114855;floribunda;floribunda;have plant;resist;attract;
PP116165;dens;attract;
RE365416;structur;in;locat;locat;type;structur;structur;
H0001873;compon;contact;structur;structur;structur;
PP115584;attract;small;bright;yellow;tube;resist;
PP113115;compact;dens;small;small;pink;
PP011622;compact;floribunda;compact;floribunda;attract;suitabl;
RE366552;type;in;
RE365009;air;air;compact;locat;
RE366498;
PP111783;have plant;resist;bright;dark green;excel;excel;
RE365394;air;tube;tube;tube;tube;air;tube;tube;air;tube;air;heat;structur;structur;contact;tube;tube;
RE367346;shape;
PP113905;hybrid;attract;
PP115088;yellow;bright;
RE366846;more;more;fluid;heat;heat;section;heat;heat;heat;
PP112771;dens;
RE367265;
PP113530;floribunda;floribunda;have plant;pink;excel;
PP112178;attract;dens;
PP112070;bright;resist;excel;
PP114316;hybrid;hybrid;
RE365092;imag;small;imag;in;imag;imag;small;imag;
PP116645;chrysanthemum;chrysanthemum plant;chrysanthemum;chrysanthemum plant;small;ray;floret ray;floret;floret;
H0001836;invent present;compon;
H0001837;applic;applic;
H0001834;
H0001835;resist;applic;
H0001832;fluid;locat;fluid;
H0001833;in;tube;tube;
H0001830;
H0001831;
PP115096;miniatur;miniatur;suitabl;
PP116882;plant varieti;attract;
PP011698;invent present;attract;
RE365300;locat;locat;locat;
H0001838;compound;compound;
H0001839;fluid;
PP115800;hybrid;compact;
RE365076;imag;imag;locat;
PP115118;bright;
PP115541;strong;shape;
RE365548;section;
RE365645;imag;in;structur;imag;imag;imag;
RE367869;structur;invent present;shape;structur;structur;invent present;doubl;
RE036908;bright;
PP116017;
PP112992;floribunda;floribunda;have plant;pink;small;resist;floribunda;pink;small;resist;
PP112615;compact;shape;bright;yellow;ray;floret ray;floret;excel;
PP113077;shape;shape;
RE365521;more;imag;imag;imag;imag;imag;
PP111910;excel;dark green;suitabl;
PP111856;floribunda;floribunda;have plant;
RE364800;suitabl;
RE367192;compound;compound;
RE366501;fluid;fluid;fluid;fluid;fluid;fluid;
PP113743;doubl;doubl;doubl;white;compact;green leav;
PP115517;hybrid;hybrid;excel;small;small;resist;
RE036634;contact;heat;
PP114545;compact;green leav;shape;strong;white;white;
PP111716;hybrid;hybrid tea;tea;hybrid;hybrid tea;tea;pink;suitabl;
PP115452;type;strong;resist;excel;suitabl;
H0001908;locat;
H0001909;suitabl;
PP111988;hybrid;hybrid tea;tea;hybrid;hybrid tea;tea;yellow;attract;dark green;
PP112631;floribunda;floribunda;
RE036732;
H0001902;
H0001903;invent present;invent present;invent present;compound;compound;
H0001900;compound;
H0001901;resist;resist;compound;
H0001906;section;air;
H0001907;applic;contact;structur;structur;locat;locat;structur;contact;locat;
H0001904;applic;
H0001905;more;contact;contact;contact;contact;contact;contact;
PP114766;white;strong;
PP113417;white;green leav;compact;excel;
RE364908;
PP114448;bright;dens;bushi habit plant;dark green;green leav;
PP113727;attract;resist;
PP113387;bright;compact;excel;
PP112259;compact;dens;yellow;pink;floret;resist;
PP112313;pink;
PP113999;dahlia plant;dahlia plant;plant varieti;white;strong;
PP116947;dens;bushi habit plant;green leav;
PP112461;
RE365734;structur;
RE365823;bright;
RE036830;
RE365637;compound;compound;compound;compound;compound;compound;doubl;
PP117064;dens;bushi habit plant;dark green;
RE367680;fluid;
PP112917;type;ray;floret ray;floret;floret;ray;
PP011233;
RE366439;locat;structur;structur;structur;structur;
PP115207;have plant;resist;resist;excel;
PP011331;attract;white;
RE367125;
RE036648;imag;imag;more;imag;imag;
PP114162;miniatur;miniatur;have plant;pink;compact;resist;
RE367044;
PP113697;hybrid;hybrid tea;tea;hybrid;hybrid tea;tea;
RE364851;
PP011412;small;dens;bushi habit plant;small;dark green;green leav;
PP115967;geranium;geranium plant;white;more;
PP111767;chrysanthemum;chrysanthemum plant;chrysanthemum;chrysanthemum plant;attract;ray;floret ray;floret;
PP115630;have plant;resist;
PP114618;bright;small;dark green;green leav;
RE366161;invent present;structur;structur;
PP117080;geranium;geranium;geranium plant;bright;pink;heat;geranium;
PP117129;geranium;white;compact;
RE367109;section;section;section;section;section;section;section;section;
PP113492;pink;white;
PP112224;hybrid;hybrid tea;tea;hybrid;hybrid tea;tea;have plant;yellow;hybrid;hybrid tea;tea;
PP116831;plant varieti;attract;
RE365912;
PP115061;pink;dens;bushi habit plant;branch habit plant;
PP115347;small;compact;branch habit plant;dark green;
PP116424;chrysanthemum;chrysanthemum plant;chrysanthemum;chrysanthemum plant;white;ray;floret ray;floret;
PP112380;chrysanthemum;chrysanthemum plant;chrysanthemum;small;yellow;yellow;ray;floret ray;floret;
RE365858;heat;section;
PP116939;dens;doubl;
PP011488;compact;branch habit plant;bright;pink;
PP113255;shape;shape;small;compact;
PP011524;hybrid;hybrid tea;tea;hybrid;hybrid tea;tea;pink;
PP113964;geranium;geranium plant;geranium;geranium plant;green leav;
RE366331;
PP117013;dahlia plant;dahlia plant;doubl;strong;
PP114685;compact;strong;small;dark green;green leav;shape;strong;
PP112860;
PP011247;hybrid;hybrid tea;tea;hybrid;hybrid tea;tea;branch habit plant;excel;
PP112984;chrysanthemum;chrysanthemum plant;plant varieti;chrysanthemum;yellow;chrysanthemum;chrysanthemum plant;
PP113840;hybrid;hybrid tea;tea;hybrid;hybrid tea;tea;suitabl;white;pink;
RE368016;more;locat;more;suitabl;
PP011703;dens;bushi habit plant;dark green;resist;
PP011460;strong;dark green;green leav;shape;strong;pink;
RE366803;
RE365297;imag;imag;imag;in;imag;imag;imag;compon;
RE036780;
RE367222;section;section;section;section;section;section;
PP114863;green leav;
PP116556;pink;suitabl;excel;
PP113301;compact;resist;
H0001872;shape;section;section;section;shape;
PP112135;resist;
H0001870;structur;
H0001871;compound;compound;compon;compound;compound;compound;compound;compound;compon;compound;compon;
H0001876;structur;heat;air;
H0001877;hybrid;hybrid;
H0001874;
H0001875;air;air;small;
H0001878;invent present;
H0001879;section;section;section;
PP116688;invent present;attract;shape;
PP117110;invent present;more;shape;type;white;
PP112488;doubl;doubl;yellow;pink;doubl;dens;bushi habit plant;suitabl;excel;
PP116335;hybrid;hybrid tea;tea;hybrid;hybrid tea;tea;have plant;yellow;excel;resist;
RE366153;resist;
PP112712;hybrid;hybrid tea;tea;hybrid;hybrid tea;tea;have plant;strong;
PP117242;dark green;
H0001898;more;
H0001899;small;
RE365173;suitabl;miniatur;compound;type;
PP113034;miniatur;miniatur;plant varieti;pink;miniatur;
H0001890;compact;air;air;contact;
PP111813;
H0001892;
H0001893;
H0001894;more;
H0001895;applic;in;invent present;applic;applic;locat;locat;applic;applic;applic;applic;applic;applic;applic;applic;applic;
H0001896;in;invent present;more;
H0001897;in;invent present;
PP114944;hybrid;hybrid tea;tea;hybrid;hybrid tea;tea;attract;pink;attract;dark green;resist;
RE367311;imag;resist;imag;small;
RE364886;contact;in;in;
PP113662;yellow;
RE367702;type;contact;contact;
PP112720;hybrid;hybrid tea;tea;tea;yellow;branch habit plant;excel;
PP114227;have plant;resist;strong;
PP115797;excel;
RE367257;
PP114340;chrysanthemum;chrysanthemum plant;chrysanthemum;
PP112046;chrysanthemum;chrysanthemum plant;chrysanthemum;chrysanthemum plant;compact;attract;ray;floret ray;floret;floret;excel;
PP113549;attract;pink;yellow;
PP116610;dark green;green leav;shape;strong;pink;
RE365459;doubl;imag;section;section;section;
RE366374;structur;fluid;structur;fluid;fluid;fluid;structur;resist;fluid;resist;
PP116750;chrysanthemum;chrysanthemum plant;chrysanthemum;chrysanthemum plant;white;small;white;ray;floret ray;floret;floret;
PP116203;geranium;geranium plant;geranium;geranium plant;white;compact;dens;green leav;
RE365599;compon;
PP011667;geranium;geranium plant;geranium;geranium plant;compact;bushi habit plant;
H0001918;in;invent present;applic;applic;locat;locat;applic;applic;locat;
PP115932;pink;compact;bushi habit plant;
RE367486;
RE367893;small;resist;in;
RE365777;air;type;applic;air;
RE367958;suitabl;
PP115835;attract;doubl;attract;excel;resist;
PP113107;compact;dens;green leav;bright;yellow;pink;
PP112542;chrysanthemum;chrysanthemum plant;plant varieti;chrysanthemum;
RE365572;
PP116726;hybrid;
PP113891;geranium;geranium plant;geranium;geranium plant;bright;green leav;
RE366471;
PP111961;resist;excel;
H0001865;shape;
PP115568;heat;attract;yellow;green leav;
PP114081;dahlia plant;dahlia plant;yellow;
PP113719;have plant;small;small;white;
RE367001;type;more;contact;contact;type;
H0001910;applic;
PP111724;chrysanthemum;chrysanthemum plant;chrysanthemum;chrysanthemum plant;attract;ray;floret ray;floret;excel;
PP114537;compact;dens;
RE036729;applic;
RE036603;
RE036763;code;code;code;code;
RE367826;compon;
RE367796;
RE036942;type;contact;type;
PP115843;shape;excel;
RE367419;small;
PP011295;dens;
PP112186;
PP114650;strong;dark green;green leav;shape;strong;
PP112267;attract;
H0001887;
PP112801;compact;dens;
RE365955;imag;
PP116874;geranium;geranium plant;geranium;geranium plant;
RE365343;in;compound;air;suitabl;air;
PP011541;miniatur;miniatur;attract;suitabl;
PP115304;excel;
PP112445;shape;
PP113212;hybrid;white;small;
RE365815;invent present;imag;imag;imag;imag;imag;imag;
RE036844;
PP011197;
PP116971;geranium;geranium plant;pink;bright;pink;
PP112437;ray;floret ray;floret;floret;yellow;
RE364797;more;compon;compound;compon;compon;fluid;
PP116505;attract;strong;resist;
PP113190;chrysanthemum;chrysanthemum plant;chrysanthemum;chrysanthemum plant;attract;ray;floret ray;floret;ray;floret ray;floret;more;
RE366277;air;air;tube;tube;tube;tube;tube;
PP117196;excel;strong;
PP112534;geranium;geranium plant;bright;pink;dark green;
RE367672;doubl;
PP011183;
PP112828;hybrid;white;
PP011569;chrysanthemum;chrysanthemum plant;plant varieti;chrysanthemum;yellow;
PP011264;miniatur;miniatur;have plant;compact;
PP011202;dens;
PP011362;dens;bushi habit plant;green leav;
RE366315;imag;
PP114014;yellow;
RE367176;
PP114154;compact;dark green;
PP112305;
RE368059;structur;
PP113808;hybrid;white;
PP112690;floribunda;floribunda;have plant;pink;strong;
PP011426;doubl;dens;shape;
PP117277;strong;
PP115746;dark green;white;resist;excel;
PP116483;chrysanthemum;chrysanthemum plant;plant varieti;chrysanthemum;white;
RE366293;
PP115665;dahlia plant;dahlia plant;doubl;ray;floret ray;floret;strong;
PP011586;chrysanthemum;chrysanthemum plant;plant varieti;chrysanthemum;
PP113956;compact;strong;
H0001891;imag;imag;imag;imag;miniatur;imag;miniatur;imag;
RE365378;locat;locat;locat;locat;
PP112836;chrysanthemum;chrysanthemum plant;chrysanthemum;chrysanthemum plant;compact;ray;floret ray;floret;bright;yellow;bright;yellow;floret;excel;
RE036505;code;code;code;
PP116238;green leav;
PP115150;white;
RE365920;tube;
PP112968;shape;
PP115398;miniatur;miniatur;attract;suitabl;
PP113441;chrysanthemum;chrysanthemum plant;chrysanthemum;type;
PP116807;geranium;geranium;geranium plant;bright;pink;small;
PP116378;chrysanthemum;chrysanthemum plant;chrysanthemum;chrysanthemum plant;white;ray;floret ray;floret;yellow;white;
PP116475;resist;resist;excel;
PP113360;yellow;branch habit plant;
PP011510;branch habit plant;
PP112682;doubl;doubl;yellow;doubl;dens;bushi habit plant;suitabl;excel;
PP116572;dark green;green leav;shape;strong;pink;
PP114413;bright;dens;bushi habit plant;green leav;
RE365882;resist;applic;heat;type;
PP011216;hybrid;hybrid tea;tea;hybrid;hybrid tea;tea;attract;doubl;yellow;resist;
RE366757;type;shape;type;
RE366978;
PP113026;geranium;geranium plant;geranium;shape;small;green leav;geranium;geranium plant;
PP116254;chrysanthemum;chrysanthemum plant;chrysanthemum;chrysanthemum plant;yellow;ray;floret;
PP011636;hybrid;excel;yellow;yellow;hybrid;
RE365408;doubl;
PP116394;
PP115592;small;shape;
PP114901;geranium;geranium plant;geranium;geranium plant;green leav;
PP115258;hybrid;hybrid tea;tea;hybrid;hybrid tea;tea;doubl;
RE367354;resist;contact;contact;contact;contact;structur;
PP111791;chrysanthemum;chrysanthemum plant;chrysanthemum;chrysanthemum plant;yellow;attract;bright;yellow;ray;floret ray;floret;yellow;floret;
RE366854;imag;
RE367214;code;section;code;code;section;section;section;code;code;code;
RE366994;
PP112763;doubl;doubl;yellow;pink;doubl;dens;bushi habit plant;suitabl;excel;
H0001829;compound;
H0001828;heat;
PP112003;bright;resist;excel;
RE365084;
RE365467;
H0001827;fluid;suitabl;fluid;
H0001826;small;in;
RE036584;
RE365319;in;
RE366102;heat;heat;in;heat;heat;
PP116890;hybrid;hybrid tea;tea;hybrid;hybrid tea;tea;plant varieti;pink;
PP116718;dahlia plant;dahlia plant;doubl;strong;
PP113069;dens;dark green;white;resist;
PP114286;invent present;resist;
PP111929;
RE367850;shape;
RE365106;contact;
PP116025;dahlia plant;dahlia plant;doubl;ray;floret ray;floret;strong;
PP115878;small;shape;yellow;attract;shape;attract;
RE036939;applic;
PP115282;hybrid;hybrid tea;tea;hybrid;hybrid tea;tea;yellow;strong;
RE366536;more;more;more;more;
PP111848;hybrid;hybrid tea;tea;hybrid;hybrid tea;tea;attract;doubl;resist;
PP114839;have plant;strong;resist;
PP113751;dens;bushi habit plant;branch habit plant;
PP115525;
PP114278;small;dens;bushi habit plant;small;dark green;green leav;
RE367451;
PP115444;miniatur;miniatur;pink;attract;suitabl;
PP113611;compact;branch habit plant;pink;ray;floret ray;floret;
RE367753;shape;
PP112674;doubl;doubl;yellow;bright;doubl;dens;bushi habit plant;suitabl;excel;
RE364916;
PP115886;chrysanthemum;chrysanthemum plant;plant varieti;chrysanthemum;yellow;
PP116629;plant varieti;attract;
H0001919;compound;small;compound;in;compound;compound;
PP114375;resist;excel;
RE367281;air;
RE036486;
H0001914;imag;imag;imag;imag;
H0001917;more;invent present;code;
H0001916;locat;locat;locat;locat;
H0001911;suitabl;more;suitabl;
PP116157;
H0001913;
H0001912;locat;fluid;fluid;
PP115908;doubl;compact;
PP114456;compact;green leav;
H0001843;compon;compon;compon;applic;structur;
PP113395;white;excel;
PP114596;
RE365629;
H0001841;air;air;structur;air;air;
RE365742;code;
PP112577;miniatur;miniatur;plant varieti;yellow;
PP115010;floribunda;floribunda;attract;suitabl;
RE366404;tube;tube;
PP113093;plant varieti;attract;
PP114057;pink;white;
PP112909;type;ray;floret ray;floret;floret;
RE367524;
RE367133;
PP115231;suitabl;bright;
RE367036;code;invent present;code;code;code;code;more;code;
PP011409;white;dens;bushi habit plant;branch habit plant;
PP114111;small;dens;bushi habit plant;dark green;
PP113689;bright;branch habit plant;excel;
RE036651;
PP112623;floribunda;floribunda;have plant;resist;
PP111775;compact;white;
PP117137;pink;
RE365130;excel;
PP115622;floribunda;floribunda;have plant;strong;resist;
PP114626;resist;suitabl;
RE366390;structur;
PP112232;floribunda;floribunda;plant varieti;pink;
PP113328;yellow;
PP113484;more;more;
PP115355;small;compact;branch habit plant;
RE367915;locat;in;locat;in;
PP114405;geranium;geranium plant;geranium;geranium plant;white;
RE365963;locat;code;code;code;code;code;code;code;code;code;code;
PP112879;yellow;
PP114820;hybrid;hybrid tea;tea;hybrid;hybrid tea;tea;have plant;
PP112402;hybrid;white;resist;
PP116920;plant varieti;attract;
PP011491;branch habit plant;dark green;
RE367559;
PP113247;chrysanthemum;chrysanthemum plant;type;chrysanthemum;chrysanthemum plant;pink;white;
PP116432;compact;small;excel;
PP011555;
RE366242;invent present;
RE366323;invent present;
PP114758;dens;bushi habit plant;green leav;
PP011250;dens;attract;bright;yellow;floret;
PP113972;geranium;geranium plant;geranium;geranium plant;white;pink;green leav;
PP112976;chrysanthemum;chrysanthemum plant;plant varieti;chrysanthemum;chrysanthemum;chrysanthemum plant;
RE367141;code;compon;compon;more;applic;code;
PP114022;compact;green leav;
PP113875;floribunda;floribunda;have plant;yellow;excel;
RE365289;code;
PP115495;doubl;doubl;dens;shape;dark green;
PP115711;miniatur;miniatur;attract;dens;
RE366811;locat;
PP117226;plant varieti;attract;
PP011474;chrysanthemum;chrysanthemum plant;chrysanthemum;suitabl;
RE365483;invent present;invent present;structur;structur;structur;invent present;invent present;
PP112887;shape;
PP112585;excel;small;
PP115657;geranium;geranium;geranium plant;excel;
RE366579;
PP116696;invent present;attract;
PP115126;white;yellow;dens;
H0001864;
H0001867;
H0001866;
H0001861;invent present;
H0001860;in;compon;in;compon;compon;compon;compon;compon;
H0001863;compon;structur;compon;structur;
H0001862;invent present;compound;compound;invent present;
PP116289;dens;attract;strong;
H0001869;compon;more;type;compon;
H0001868;shape;heat;heat;heat;
PP116327;miniatur;miniatur;have plant;bright;small;resist;
PP113948;geranium;geranium plant;geranium;geranium plant;white;green leav;
PP116440;chrysanthemum;chrysanthemum;chrysanthemum plant;yellow;yellow;ray;floret ray;floret;
RE366145;compon;compon;structur;compon;compon;suitabl;compon;
RE365211;compon;compon;compon;
PP116998;invent present;attract;shape;
RE366889;fluid;
PP112496;floribunda;floribunda;have plant;compact;small;small;dark green;resist;
RE366927;heat;heat;heat;more;heat;heat;
H0001924;contact;
PP114987;dens;
H0001889;compound;
H0001888;heat;heat;heat;heat;
H0001920;compon;
H0001921;applic;applic;locat;locat;applic;applic;more;applic;applic;applic;
H0001922;suitabl;
PP116106;compact;floribunda;compact;floribunda;attract;
PP111805;pink;
H0001882;compon;compon;compon;compon;
H0001881;compon;
H0001880;type;type;type;type;type;
H0001928;resist;compon;compon;compon;compon;compon;
H0001929;resist;resist;
PP114871;doubl;compact;
H0001884;
RE367087;in;in;suitabl;
PP113654;doubl;doubl;doubl;compact;green leav;
RE366110;air;tube;air;air;tube;air;tube;tube;air;tube;air;tube;tube;air;tube;air;air;tube;air;tube;
RE366862;heat;heat;section;section;
RE364894;ray;ray;
PP115401;floribunda;compact;floribunda;pink;suitabl;
RE367362;compound;
PP114979;chrysanthemum;chrysanthemum plant;plant varieti;chrysanthemum;
PP114235;have plant;resist;pink;type;
PP112755;branch habit plant;bright;small;dark green;green leav;
RE367710;type;type;
PP115053;dens;bushi habit plant;
PP113557;floribunda;floribunda;have plant;excel;
RE367249;more;
RE366609;fluid;in;fluid;fluid;fluid;fluid;tube;fluid;fluid;
PP114332;chrysanthemum;chrysanthemum plant;chrysanthemum;chrysanthemum plant;attract;ray;floret ray;floret;excel;
PP112054;invent present;more;shape;type;white;yellow;white;
PP116661;plant varieti;attract;
PP116742;chrysanthemum;chrysanthemum plant;chrysanthemum;chrysanthemum plant;pink;small;pink;ray;floret ray;floret;floret;
PP111899;hybrid;hybrid tea;tea;hybrid;hybrid tea;tea;have plant;strong;
PP116211;chrysanthemum;chrysanthemum plant;chrysanthemum;chrysanthemum plant;small;ray;floret ray;floret;floret;
PP011670;
PP116114;compact;floribunda;compact;floribunda;yellow;suitabl;
RE365440;strong;section;
RE367966;in;small;invent present;air;
PP113581;type;dark green;excel;
PP115940;miniatur;miniatur;attract;suitabl;
RE365785;imag;imag;imag;
RE367885;
PP113298;shape;
RE365033;imag;imag;type;imag;type;
PP115827;geranium;geranium plant;white;floret;
PP113050;shape;excel;resist;
RE366447;structur;contact;contact;contact;contact;
RE365661;tube;tube;type;
RE366560;shape;shape;shape;imag;shape;imag;imag;shape;shape;imag;in;shape;shape;
PP111872;dark green;green leav;dens;excel;
PP113883;floribunda;floribunda;have plant;excel;
PP115274;hybrid;hybrid tea;tea;hybrid;hybrid tea;tea;pink;
PP114529;compact;pink;ray;floret ray;floret;yellow;floret;
PP115479;chrysanthemum;chrysanthemum plant;chrysanthemum;
PP114480;white;pink;bright;pink;miniatur;suitabl;
RE367567;doubl;
PP115576;small;shape;
RE367400;imag;
RE364827;
RE036617;compound;compound;more;more;more;
RE364940;compound;compound;compound;
PP116068;chrysanthemum;chrysanthemum plant;plant varieti;chrysanthemum;yellow;
RE364924;compound;
PP111732;
PP116084;compact;floribunda;floribunda;yellow;attract;suitabl;
RE367818;small;small;small;
PP115894;chrysanthemum;chrysanthemum plant;chrysanthemum;
PP114715;dark green;green leav;shape;strong;
PP114707;white;pink;excel;
PP116149;dahlia plant;dahlia plant;doubl;bright;ray;floret ray;floret;compact;small;dark green;green leav;strong;
PP112275;miniatur;miniatur;have plant;yellow;resist;compact;
RE367583;compon;compon;compon;compon;compon;compon;compon;compon;contact;compon;
PP114464;resist;attract;
RE365718;applic;hybrid;
PP112372;chrysanthemum;chrysanthemum plant;plant varieti;chrysanthemum;yellow;
PP115312;miniatur;miniatur;strong;
RE365807;invent present;code;
RE036858;
PP116963;
RE366692;structur;structur;structur;
RE367303;
RE366218;
PP112526;geranium;geranium;branch habit plant;
PP117048;invent present;
PP113832;miniatur;miniatur;have plant;bright;small;
RE366366;more;shape;compon;
PP112739;floribunda;floribunda;have plant;pink;
RE368067;invent present;invent present;
PP112933;resist;
PP114065;dahlia plant;dahlia plant;plant varieti;ray;floret ray;floret;ray;floret ray;floret;
PP113646;
PP114383;type;resist;
PP114790;dark green;green leav;shape;strong;strong;
RE367060;air;
PP114146;pink;excel;
RE366048;type;type;
PP011359;compact;branch habit plant;yellow;ray;floret ray;floret;
PP115754;have plant;white;strong;excel;resist;
PP112089;invent present;
PP116491;green leav;
PP115614;floribunda;floribunda;have plant;pink;
RE366919;
PP117269;dens;dark green;
RE366129;contact;contact;in;
RE366684;heat;applic;heat;applic;
PP111759;hybrid;hybrid tea;tea;hybrid;hybrid tea;tea;pink;
RE036536;
RE366714;code;
PP114936;bright;doubl;
PP115002;miniatur;miniatur;attract;suitabl;
PP113476;dark green;
PP116793;geranium;geranium plant;geranium;geranium plant;white;green leav;
PP114693;compact;shape;strong;strong;pink;
PP115363;resist;dens;
PP116408;dens;attract;
PP116815;geranium;geranium;geranium plant;floribunda;geranium;
PP113379;pink;green leav;compact;excel;
PP113271;plant varieti;resist;more;
RE365939;
RE366188;compon;excel;heat;resist;
RE366625;
PP114669;
PP112844;pink;branch habit plant;
PP116564;strong;resist;excel;suitabl;
RE366749;contact;
PP112399;chrysanthemum;chrysanthemum plant;plant varieti;chrysanthemum;pink;
RE367613;code;code;code;code;code;code;code;code;code;code;code;code;code;code;code;code;
PP112593;hybrid;small;
PP011720;geranium;geranium plant;geranium;geranium plant;doubl;
RE365432;fluid;
PP117005;dens;bushi habit plant;dark green;green leav;
PP111996;invent present;more;shape;type;white;ray;yellow;white;
PP116386;compact;floribunda;compact;floribunda;yellow;attract;suitabl;
PP011538;miniatur;miniatur;attract;suitabl;
RE365688;type;
PP113514;chrysanthemum;chrysanthemum plant;chrysanthemum;chrysanthemum plant;white;
RE364991;fluid;contact;
PP011393;hybrid;hybrid tea;tea;hybrid;hybrid tea;tea;have plant;strong;
PP112798;strong;shape;type;
RE367206;section;
RE367931;
RE366080;locat;locat;
H0001858;locat;locat;locat;locat;locat;
H0001859;compon;compon;
PP115681;white;
H0001854;fluid;fluid;
H0001855;compact;compact;
H0001856;
H0001857;air;air;
H0001850;
H0001851;contact;
H0001852;
H0001853;type;type;type;
PP112941;chrysanthemum;chrysanthemum plant;type;chrysanthemum;chrysanthemum plant;white;ray;floret ray;floret;yellow;floret;
RE365327;invent present;
PP116246;bright;bright;pink;dark green;
PP116319;shape;
PP117056;invent present;more;shape;type;white;
RE365246;in;heat;heat;heat;heat;more;
PP116033;small;green leav;compact;strong;
PP114294;dahlia plant;dahlia plant;plant varieti;white;yellow;
PP113018;chrysanthemum;chrysanthemum plant;plant varieti;chrysanthemum;chrysanthemum;chrysanthemum plant;
RE365114;
PP116130;bright;green leav;
PP111937;
RE367990;imag;
PP113158;dahlia plant;compact;dahlia plant;
RE365505;compon;type;compon;
PP114804;hybrid;hybrid tea;tea;hybrid;hybrid tea;tea;have plant;bright;
PP116769;geranium;geranium plant;geranium;geranium plant;
PP113603;branch habit plant;floret;
PP114197;small;dens;bushi habit plant;small;dark green;green leav;
RE366528;
PP115533;white;attract;
PP115436;miniatur;miniatur;attract;suitabl;
PP114561;shape;strong;white;pink;
RE367729;
RE367443;
RE367079;in;locat;locat;locat;locat;locat;code;locat;
PP011605;chrysanthemum;chrysanthemum plant;plant varieti;chrysanthemum;
RE367338;
PP114200;yellow;
RE366641;imag;imag;in;
RE036715;
PP114367;
RE365181;contact;contact;locat;locat;contact;contact;contact;contact;contact;
RE365025;
PP116637;invent present;applic;resist;resist;white;
PP115185;suitabl;white;
RE368024;structur;section;
PP114588;small;resist;
PP114421;dens;bushi habit plant;branch habit plant;
RE365149;air;air;air;air;air;air;contact;contact;contact;contact;
PP115770;attract;yellow;attract;resist;
RE365475;
PP115916;attract;
RE036813;resist;more;invent present;
RE367974;section;section;
PP114049;doubl;compact;
PP112569;hybrid;hybrid tea;tea;hybrid;hybrid tea;tea;yellow;strong;
RE365750;compound;compound;compound;compound;compound;compound;compound;compound;compound;compound;
RE366412;
PP115924;attract;resist;
PP111945;excel;dark green;suitabl;
RE365610;heat;heat;heat;heat;more;heat;heat;heat;heat;heat;
PP115223;strong;strong;strong;shape;
PP112011;
PP011314;dahlia plant;compact;dahlia plant;
RE366005;
PP114898;suitabl;
RE367532;locat;
PP113131;yellow;yellow;
PP114510;compact;ray;floret ray;floret;yellow;floret;
RE367923;applic;bright;excel;
PP115983;compact;floribunda;compact;floribunda;attract;suitabl;
PP114103;small;dens;bushi habit plant;small;dark green;green leav;
RE367435;type;air;locat;heat;type;heat;heat;heat;
RE367389;contact;contact;contact;
RE364878;small;
RE367842;
RE036925;invent present;
RE364975;in;heat;section;heat;section;in;heat;section;
PP111740;chrysanthemum;chrysanthemum plant;chrysanthemum;chrysanthemum plant;compact;dens;attract;pink;ray;floret ray;floret;floret;
RE367028;structur;
H0001927;
PP112895;type;bright;yellow;ray;floret ray;floret;yellow;floret;
RE366382;tube;tube;tube;
RE367095;contact;
PP114634;small;dens;bushi habit plant;small;dark green;green leav;
RE036911;resist;
PP114731;
RE365254;tube;tube;tube;tube;tube;tube;
RE366021;more;more;more;
PP115045;compact;branch habit plant;ray;floret ray;floret;
PP116858;geranium;geranium plant;geranium;geranium plant;doubl;
RE036861;in;
PP113336;attract;pink;
PP115320;pink;doubl;compact;
PP112208;floribunda;floribunda;have plant;resist;
RE365874;shape;shape;contact;
PP112410;floribunda;floribunda;have plant;pink;resist;
PP116912;hybrid;hybrid tea;tea;hybrid;hybrid tea;tea;have plant;resist;
RE365971;fluid;compon;compon;compon;compon;
PP113794;hybrid;
RE366706;doubl;doubl;
PP113239;chrysanthemum;chrysanthemum plant;plant varieti;chrysanthemum;yellow;
PP116521;green leav;
RE366250;compound;
RE367656;in;more;in;
RE368032;
RE366099;air;
PP113867;miniatur;miniatur;have plant;dark green;
PP114030;
PP113166;compact;attract;yellow;
PP113786;
RE367516;
RE365270;small;applic;heat;heat;
PP112127;chrysanthemum;chrysanthemum plant;chrysanthemum;chrysanthemum plant;compact;attract;attract;ray;floret ray;floret;floret;excel;
PP115487;strong;shape;
PP117218;invent present;attract;bright;excel;
PP011443;dens;bushi habit plant;green leav;
PP115762;doubl;
PP112119;
PP111821;
RE366137;
PP115649;pink;doubl;
PP116092;excel;
PP115134;floribunda;floribunda;suitabl;
RE036567;
RE366072;compound;compound;
PP112291;bright;resist;excel;
PP116297;dark green;resist;
RE367907;
PP113425;more;
RE036570;
PP115037;hybrid;hybrid tea;tea;hybrid;hybrid tea;tea;compact;
PP115290;hybrid;hybrid tea;tea;hybrid;hybrid tea;tea;attract;pink;attract;
PP113344;branch habit plant;excel;
PP116351;attract;pink;resist;
RE366897;
PP116599;chrysanthemum;chrysanthemum plant;chrysanthemum;chrysanthemum plant;small;ray;floret ray;floret;
RE365203;structur;
RE366676;applic;
PP117102;dens;bushi habit plant;dark green;
PP116459;miniatur;miniatur;white;tea;
RE366773;structur;section;section;section;section;section;section;section;section;section;section;
RE366951;in;in;
PP115975;white;branch habit plant;dark green;
PP011619;small;excel;
RE365017;air;air;in;air;tube;
PP114847;hybrid;hybrid tea;tea;hybrid;hybrid tea;tea;have plant;yellow;yellow;resist;
PP116173;hybrid;hybrid tea;tea;hybrid;have plant;
PP114960;resist;suitabl;
PP116270;chrysanthemum;chrysanthemum plant;chrysanthemum;chrysanthemum plant;small;yellow;ray;floret ray;floret;
PP113433;pink;doubl;excel;
RE365386;section;air;air;air;contact;
RE366935;
PP113204;white;bright;pink;branch habit plant;green leav;
RE036696;more;
RE366870;in;in;structur;structur;invent present;
PP113522;strong;small;yellow;strong;yellow;tube;yellow;resist;heat;
RE367370;compon;
PP112747;compact;pink;
RE367273;in;
RE366595;structur;structur;structur;
PP116181;green leav;
PP114324;geranium;geranium plant;geranium;geranium plant;
PP112062;bright;strong;resist;excel;
PP115991;dahlia plant;dahlia plant;doubl;ray;floret ray;floret;compact;small;dark green;strong;
PP011328;plant varieti;attract;
PP114502;compact;floret;yellow;floret;
PP011684;chrysanthemum;chrysanthemum plant;chrysanthemum;chrysanthemum plant;attract;pink;ray;floret ray;floret;excel;
PP111880;miniatur;miniatur;more;
RE367664;
PP116777;attract;
RE036598;suitabl;
RE365793;type;
PP116009;geranium;geranium;pink;bright;floret;heat;
RE366668;
RE367877;small;heat;
RE365653;
RE365122;invent present;
PP115959;dark green;green leav;white;
RE366455;
RE036679;imag;imag;imag;locat;imag;imag;imag;
RE366986;structur;excel;resist;
PP112607;
PP111902;
RE365556;type;
RE367184;invent present;invent present;
RE365491;
PP115266;dahlia plant;dahlia plant;doubl;yellow;ray;floret ray;floret;strong;
PP113735;excel;suitabl;
PP111864;miniatur;miniatur;have plant;compact;
RE367575;invent present;structur;
PP114995;miniatur;miniatur;attract;suitabl;
PP111708;floribunda;floribunda;have plant;strong;compact;resist;
RE367478;compound;compound;structur;contact;
RE366196;
PP011376;hybrid;
PP113638;miniatur;miniatur;have plant;compact;resist;excel;
PP111694;hybrid;hybrid tea;tea;
RE036620;compon;
PP115460;chrysanthemum;chrysanthemum plant;chrysanthemum;bright;yellow;ray;floret ray;floret;
PP114499;resist;suitabl;
PP113085;bright;attract;compact;suitabl;bright;bright;yellow;excel;resist;bright;yellow;dens;compact;resist;attract;
PP114553;resist;suitabl;
RE364835;type;invent present;air;
PP114251;pink;dens;bushi habit plant;branch habit plant;
RE364932;doubl;
RE036746;heat;heat;
RE365157;air;more;more;
PP114391;resist;
PP115673;chrysanthemum;chrysanthemum plant;plant varieti;chrysanthemum;yellow;
PP114774;invent present;more;shape;type;
PP112240;
H0001925;imag;imag;
PP114472;chrysanthemum;chrysanthemum plant;chrysanthemum;yellow;ray;floret ray;floret;suitabl;
RE367591;air;air;resist;
H0001926;
PP115509;doubl;compact;
RE365831;
RE367982;compound;
PP116955;invent present;more;shape;type;white;
RE365726;structur;shape;more;
RE036987;more;more;applic;
PP117072;floribunda;floribunda;have plant;strong;
RE366617;shape;shape;contact;shape;
PP112194;compact;dens;
PP113980;miniatur;miniatur;have plant;pink;
PP113824;hybrid;hybrid tea;tea;hybrid;hybrid tea;tea;suitabl;bright;yellow;
PP112925;type;small;yellow;
H0001923;compound;compound;
PP011345;hybrid;
PP115215;chrysanthemum;chrysanthemum plant;plant varieti;chrysanthemum;small;
PP112518;dark green;resist;bright;
RE366056;compon;compon;
RE367117;more;type;
H0001883;
PP114073;white;small;shape;
RE365068;air;compact;applic;
RE367508;
RE364843;
RE367052;
PP116262;compact;floribunda;compact;floribunda;attract;suitabl;
PP114170;geranium;geranium plant;geranium;geranium plant;
PP112348;hybrid;compact;
PP117099;dahlia plant;dahlia plant;doubl;white;strong;
PP117153;hybrid;hybrid tea;tea;hybrid;hybrid tea;tea;have plant;bright;resist;
RE366900;
PP116548;resist;
PP112097;chrysanthemum;chrysanthemum plant;chrysanthemum;chrysanthemum plant;attract;ray;floret ray;floret;excel;
PP115606;dahlia plant;dahlia plant;doubl;strong;
H0001886;compon;heat;heat;
PP115177;floribunda;floribunda;suitabl;
H0001885;
RE036522;applic;compon;applic;applic;applic;
PP116785;geranium;geranium plant;geranium;geranium plant;green leav;
PP113565;dahlia plant;compact;white;
PP115371;
PP116076;chrysanthemum;chrysanthemum plant;plant varieti;chrysanthemum;
PP116823;pink;hybrid;pink;pink;white;
PP115169;bright;yellow;
PP113263;
PP116416;compact;floribunda;floribunda;compact;dark green;suitabl;
H0001915;hybrid;hybrid;
RE366633;
PP116653;plant varieti;attract;
RE368008;
PP113859;
PP113913;dens;resist;
RE366730;
RE036990;
PP114677;geranium;bright;dark green;
RE367605;in;in;resist;
PP112666;dens;dark green;
PP011507;bright;pink;dens;bushi habit plant;branch habit plant;
PP011653;pink;pink;suitabl;excel;
PP112356;chrysanthemum;chrysanthemum plant;plant varieti;chrysanthemum;small;white;
RE364959;
PP011717;chrysanthemum;chrysanthemum plant;chrysanthemum;chrysanthemum plant;small;ray;floret ray;floret;
PP114928;dahlia plant;dahlia plant;doubl;compact;strong;
RE366234;applic;in;
RE367230;tube;tube;tube;tube;tube;tube;tube;
PP113174;
RE364983;structur;contact;
PP115738;compact;small;
RE366838;in;
PP112143;chrysanthemum;chrysanthemum plant;chrysanthemum;chrysanthemum plant;compact;attract;attract;ray;floret ray;floret;floret;
RE036553;
H0001849;
H0001848;
H0001847;
H0001846;invent present;in;invent present;
H0001845;invent present;
H0001844;
PP113468;dahlia plant;dahlia plant;plant varieti;
H0001842;
PP116734;miniatur;miniatur;yellow;attract;suitabl;
H0001840;
RE365335;in;code;code;code;in;
PP116300;attract;
RE365238;imag;
RE036682;structur;
PP113042;hybrid;hybrid tea;tea;hybrid;hybrid tea;tea;yellow;hybrid;hybrid tea;tea;
RE365998;type;suitabl;
PP117250;chrysanthemum;chrysanthemum plant;plant varieti;chrysanthemum;yellow;
PP112852;bright;branch habit plant;
RE366722;
RE365696;locat;
RE365165;fluid;fluid;fluid;contact;contact;fluid;fluid;fluid;contact;fluid;fluid;fluid;fluid;
PP116041;
PP112038;chrysanthemum;chrysanthemum plant;chrysanthemum;chrysanthemum plant;dens;ray;floret ray;floret;bright;yellow;floret;
PP011278;hybrid;hybrid tea;tea;hybrid;hybrid tea;tea;pink;
PP116122;compact;dens;dark green;dens;
PP114812;small;compact;dens;
RE365513;locat;locat;locat;
PP112364;chrysanthemum;chrysanthemum plant;chrysanthemum;
PP114952;compact;
PP114189;bright;suitabl;resist;
RE367621;section;section;section;
RE364819;structur;
RE036665;invent present;invent present;
PP113670;
PP113778;hybrid;
PP113573;floribunda;floribunda;have plant;yellow;excel;
RE036973;
PP114219;have plant;resist;strong;pink;shape;
PP115789;geranium;geranium;floret;more;
RE367737;more;
RE036701;
PP115428;chrysanthemum;chrysanthemum plant;chrysanthemum;
RE365580;
RE036827;
PP115193;resist;excel;
PP113506;
PP116602;hybrid;hybrid tea;tea;hybrid;hybrid tea;tea;attract;doubl;excel;resist;attract;
RE365424;shape;
PP114359;white;excel;attract;white;
RE365769;
PP112321;miniatur;miniatur;have plant;resist;
RE367745;heat;heat;tube;tube;heat;heat;fluid;fluid;
RE367494;
RE365351;imag;imag;
PP112658;hybrid;hybrid tea;tea;hybrid;hybrid tea;tea;bright;hybrid;hybrid tea;tea;resist;
PP112550;
RE365602;imag;imag;small;small;imag;
RE366781;hybrid;hybrid;
RE365564;tube;fluid;fluid;tube;tube;tube;
RE366226;
RE366463;code;code;applic;code;code;
PP113700;dens;green leav;
PP114243;dens;bushi habit plant;branch habit plant;
PP114138;dahlia plant;dahlia plant;plant varieti;
PP011300;chrysanthemum;chrysanthemum plant;plant varieti;chrysanthemum;chrysanthemum;chrysanthemum plant;
RE366013;in;
RE366544;more;
PP112453;
RE367540;fluid;
RE367761;shape;
RE036794;compound;compound;
PP112151;chrysanthemum;chrysanthemum plant;chrysanthemum;chrysanthemum plant;dens;white;ray;floret ray;floret;bright;yellow;floret;
PP112704;yellow;
RE367788;code;locat;
RE367427;compon;heat;heat;small;
RE367397;
RE036892;
RE367834;
RE366064;
RE036956;compon;applic;compon;
PP115851;pink;white;compact;
RE364967;
RE036777;in;
RE366420;
PP011281;hybrid;white;small;
PP114642;dens;bushi habit plant;branch habit plant;
PP114723;chrysanthemum;chrysanthemum plant;chrysanthemum;chrysanthemum plant;attract;ray;floret ray;floret;compact;excel;
PP112216;floribunda;floribunda;have plant;compact;bright;
PP116866;shape;
RE365947;applic;compound;
PP115339;doubl;compact;
PP116904;have plant;resist;
RE036875;applic;
RE365866;shape;section;section;
PP011572;have plant;resist;attract;pink;
PP116513;
RE365904;
PP113220;shape;
PP117021;invent present;more;shape;type;yellow;
RE366269;applic;applic;
PP113182;compact;
RE366307;tube;tube;tube;tube;tube;
PP112429;miniatur;miniatur;pink;
PP113816;branch habit plant;pink;ray;floret ray;floret;
PP113123;dens;
RE368040;air;
RE367168;section;section;section;section;locat;locat;
RE367699;type;type;type;type;type;
PP114006;hybrid;hybrid tea;tea;hybrid;hybrid tea;tea;pink;
RE367648;small;
RE366358;more;compon;compon;
PP115703;white;
